Index	Homograph	Context	TargetWord	Label
1	холода	"И не только потому, что зиме в фильмах Чаплина вообще отведено очень небольшое (да и то, когда Чарли в шубе, как в ""Золотой лихорадке "") место: бездомный бродяга в куцем сюртучке и дырявых ботинках не может любить зимы, холода и снега, как бы не сверкал он под сполохами северного сияния."	холода	1
2	холода	А когда перед самым входом нам предложили сфотографироваться с довольно крупным мокрым хамелеоном или с маленькой поеживающейся от холода обезьянкой, наше мнение о том, что, пожалуй, правы те, кто говорит, что от зоопарка в его классическом понимании ничего не осталось, существенно укрепилось.	холода	1
3	холода	Да и просто для поддержания людей, чтобы они не умирали от голода и холода, от отсутствия витаминов, лекарств.	холода	1
4	холода	Они прекрасно развиваются в небольших емкостях, не боятся холода и предоставляют великолепные возможности для создания компактных композиций на ограниченной площади.	холода	1
5	холода	Она, по обыкновению, дожидалась меня у калитки, завернувшись в шубку; луна освещала ее милые губки, посиневшие от ночного холода.	холода	1
6	холода	Из-за холода многие просто не смогли показать свои скорости.	холода	1
7	холода	Мерзнуть от холода, недоедать-разве ради этого ушли они в плавание?	холода	1
8	холода	"Когда видишь посиневших от холода, бледных от усталости корреспондентов и ведущих, работающих в режиме ""нон-стоп "", вспоминаешь лишь одну фразу:"	холода	1
9	холода	От проема окна падал чистый белый свет, а в деревянную раму, как холст, прямо с холода да с ветра поставлена на вид была летняя казарма: маслянисто-зеленый фанерный барак, свежие кресты досок на оконцах.	холода	1
10	холода	Больше холода, больше балета, меньше мельтешения руками.	холода	1
11	холода	До того часа, покуда еще совсем не рассветало и невыспавшиеся, дрожащие от холода и возбуждения мальчики собирались на террасе Колюниной дачи, торопливо съедали по куску хлеба, запивали холодным молоком и под причитания вставшей проводить их бабушки – куда в такую рань? – по сухой еще траве, до того, как старшие братья и сестры успевали вернуться с ночных гулянок, брали накопанных накануне червяков, удочки, белое пластмассовое ведерко и уходили на старый песчаный карьер.	холода	1
12	холода	Простому человеку, жившему, предположим, в границах нынешней Московской области, лет триста назад ничто не угрожало смертью – если не считать, конечно, голода, холода, диких зверей, легкой простуды, которая в несколько дней сводила любого богатыря в могилу, и жестокости других людей.	холода	1
13	холода	Проснулась от холода.	холода	1
14	холода	Хотя волосы и созданы природой в первую очередь для защиты кожи головы от холода, пыли, жгучих солнечных лучей, им самим также необходимы уход и защита.	холода	1
15	холода	А Укапустин уже сидит на своем ящике с мышеловками и его с утра потрясывает от холода и других причин.	холода	1
16	холода	Слушая стыдливые объяснения Мустыгиных, Андрей обнимал дрожащее от холода тельце Али.	холода	1
17	холода	Анализ наиболее суровых зим в Сочи, когда столбик термометра опускался ниже-10 градусов (таких зим за последние сто лет было восемь), показывает, что всем им присуще: нерегулярность наступления, разновременность прихода волн холода, относительно небольшая продолжительность морозного периода, безветрие и наличие снежного покрова.	холода	1
18	холода	Через несколько лет наступили военные времена, эвакуация в Куйбышев, от которого остался во всю жизнь незабытый ужас холода, возвращение в Москву в жарком правительственном вагоне и счастливая встреча с Москвой, именно в эти первые после возвращения месяцы ставшей для нее родным городом.	холода	1
19	холода	Утеплитель под гидрокостюмом всегда мокрый от пота, и уже через несколько минут после короткой остановки тебя начинает колотить от холода.	холода	1
20	холода	А может (скорее всего), у меня голос от холода сел.	холода	1
21	холода	Все в ней было противоположно смыслу этого слова; она была сгущенной жизнью, как бывает сгущенное молоко (однажды, ледяным зимним вечером, она совершенно голой вышла на покрытый снегом балкон, и вдруг на перила опустился голубь – и Ника присела, словно боясь его спугнуть, и замерла; прошла минута; я, любуясь ее смуглой спиной, вдруг с изумлением понял, что она не чувствует холода или просто забыла о нем).	холода	1
22	холода	Она сразу стала дразниться, показывать, как человек дрожит от холода.	холода	1
23	холода	Если у вас зуб на зуб не попадает (дрожите от холода), или вы щелкаете зубами (от голода), и вообще уже собираетесь положить зубы на полку (ограничить себя в самом необходимом) – не отчаивайтесь, вам поможет ЗУБАРИЯ, или правила пользования выражениями о зубах.	холода	1
24	холода	Весь этот день с утра до вечера, не чувствуя ни холода, ни голода, он играл и пел арию воблы – свой шедевр...	холода	1
25	холода	"При более длительном (до трех недель) хранении замороженных продуктов ручку терморегулятора следует установить в положение наибольшего холода ""5 "" и при этом закрыть заслонкой окно в поддоне, чтобы не переохладить продукты в холодильной камере."	холода	1
26	холода	Марша и Эсси, обе совершенно одинаково, повизгивали от холода.	холода	1
27	холода	Верхний ад это земной мир, полный мучений, волнений, холода, голода, жажды, разнообразнейших телесных и душевных страданий.	холода	1
28	холода	Вот и объяснение холода.	холода	1
29	холода	И в темноте растет кипенье – чаинок легкая возня, как бы воздушный муравейник пирует в темных зеленях; из свежих капель виноградник зашевелился в мураве, как будто холода рассадник открылся в лапчатой Москве...	холода	1
30	холода	Не уходите к партизанам, – сказал Штальбе, – в лесу вы погибнете от холода и голода, партизаны не принимают евреев, бросают их в лесу на произвол судьбы.	холода	1
31	холода	При этом они не только не гибнут от холода, но просто не в состоянии без него обойтись.	холода	1
32	холода	По часам уже полночь, а небо не потемнело, осталось ясным, сумеречным, и месяц добавил в него холода и света.	холода	1
33	холода	Дрожа от холода после семнадцатого пломбира, они снова вышли на улицу.	холода	1
34	холода	Мокрые, дрожащие от холода, громко звякая ложками, они поедают свою порцию и снова бегут на причал.	холода	1
35	холода	Он был тщательно укутан от холода, только парная мордочка выглядывала из-под пушистой ушанки.	холода	1
36	холода	Нет, спасибо, я почти не чувствую холода.	холода	1
37	холода	Я стоял, смотрел на них и думал, что, если мне быстро попалась бы попутная машина, я через полчаса мог бы быть там среди этого холода и чистоты.	холода	1
38	холода	Софа тоже выпьет с холода.	холода	1
39	холода	Луна и Солнце – это одно и то же, на мой взгляд, просто ночью из-за холода это светило светит иначе.	холода	1
40	холода	От холода у учеников руки краснеют, – говорю я.	холода	1
41	холода	Всех подавила в этот день огромность холода, беспощадность морозного ветра, огромность войны на великих русских равнинах и реках.	холода	1
42	холода	Казенные резиновые галоши, чуни, не спасали от холода наши многократно отмороженные ноги.	холода	1
43	холода	Мороз был на дворе такой, что вороны на лету замерзали; вот кур и принесли, чтоб от холода упрятать.	холода	1
44	холода	И в тончайшем, ломком, как ледок, от утреннего холода воздухе его крик прозвучал особенно гулко.	холода	1
45	холода	У Фили в конторе никого не было, а все его посетители, то есть, вернее, наиболее упрямые из них, томились во дворе, ежась от холода и изредка поглядывая в окно.	холода	1
46	холода	Непонятный восторг вселился в душу Кипренского, – он дрожал от холода и возбуждения.	холода	1
47	холода	Особенно поразило Степу то, что графин запотел от холода.	холода	1
48	холода	Да ведь первый ливень разгонит этих обезьян, заставит их выть от холода и страха, и ничего они не «достигнут», кроме того, что подохнут, как дохнет в положенный срок все на свете, и мировой вихрь из их костей и праха родит новых обезьян, которые снова будут горланить свои песни, пока в свою очередь не подохнут.	холода	1
49	холода	И тут же мутно мелькнула в голове вместо латинских слов сладкая фраза, которую спел в ошалевших от качки и холода мозгах полный тенор с голубыми ляжками: «...	холода	1
50	холода	Розанов органически боялся холода, любил теплое, греющее.	холода	1
51	холода	И только когда уже остыли, побледнели, дрожали от утреннего холода звезды, Марей тихонько вошел в вежу, тихонько лег на свое место.	холода	1
52	холода	Съежившись от холода, старик кучер отъехал в сторону.	холода	1
53	холода	"Ходит колыбель, поет рыцарь, а от холода в спине уже шевелятся спущенные локоны на осужденной голове Стюарта (""Карл I "")."	холода	1
54	холода	Хижняков не спал. Сложившись в крохотный комок, он прятался от холода и ночи под мягкой грудой тряпья и плакал – без усилия, без боли и содроганий, как плачут те, у кого сердце чисто и безгрешно, как у детей. Он жалел себя, сжавшегося в комок, и ему чудилось, что он жалеет всех людей и всю человеческую жизнь, и в этом чувстве была таинственная и глубокая радость. Он видел ребенка, который родился, и ему казалось, что это родился он сам для новой жизни, и жить будет долго, и жизнь его будет прекрасна. Он любил и жалел эту новую жизнь, и это было так радостно, что он засмеялся, встряхнул груду тряпья и спросил:	холода	1
55	холода	"""Зачем я еду? – беспрестанно повторял я сам себе, пожимаясь от проникавшего меня холода, – затем ли, чтоб бесполезно и произвольно впадать в жизнь и спокойствие себе подобных? затем ли, чтоб удовлетворить известной потребности времени или общества? затем ли, наконец, чтоб преследовать свои личные цели? """	холода	1
56	холода	Вы знаете холод одиночества, но вы, слава богу, не знаете еще холода общественной жизни.	холода	1
57	холода	Она, по обыкновению, дожидалась меня у калитки, завернувшись в шубку; луна освещала ее милые губки, посиневшие от ночного холода.	холода	1
58	холода	""" Время прекрасное, – говорит бюллетень, – но должно ожидать холода в первых числах ноября и, следственно, должно заботиться о зимних квартирах; особенно кавалерия имеет в них нужду ""."	холода	1
59	холода	Оставили больного солдата-старика, который занемог от холода и объелся дарового кушанья; сказывал, что жил в монастыре два года, но взят опять в гарнизон.	холода	1
60	холода	Педагог выясняет у детей, что делают зимой лягушки (впадают в спячку), как спасаются от холода (зарываются в ил).	холода	1
61	холода	А скоро и у нас… — бормотал он себе, и, пока утро было в Японии, он стоял, приплясывая от холода, в парке «Городское начало» у заснеженных перил, под расчертившим белесое небо звеном железнодорожного моста, с двух сторон запертым.	холода	1
62	холода	Среди ночи, когда он, измотанный и уставший, трясся то ли от страха, то ли от холода, голос раздался у него за спиной.	холода	1
63	холода	Спица приосанилась, и я почувствовал на своем плече ее руку — тонкую и легкую руку художника — бледную от холода, с просвечивающимися ручейками вен.	холода	1
64	холода	А вот когда от холода кожа трескается, как пересохшая земля, а плевок замерзает, не успев покинуть рта, вот тогда начинается оно — экстремальное собирательство!	холода	1
65	холода	Ты чувствуешь, что пальцы у тебя на ногах свело от холода, а под коленками будто бы что-то мучительно тянет.	холода	1
66	холода	Кто выживал на сбитых или потерпевших катастрофу машинах, погибал от холода в горах или попадал в плен, их уже никогда не могли найти.	холода	1
67	холода	Главное, теперь можно было включить обогреватель и ночью не околеть от холода в неотапливаемом каменном здании.	холода	1
68	холода	Ноги его вязли в песке, легкая куртка парусом надулась на спине, но, кажется, он не замечал холода.	холода	1
69	холода	Промерзший воздух обжигает легкие, горячие учащенные выдохи тысяч людей и животных, двигающихся сквозь пургу и ветер, сливаются, смешиваются, курятся над колоннами синеватым, как бы стекленеющим от холода паром.	холода	1
70	холода	Все лето приходилось, передвигаясь пешком по тундре, не снимать высоких резиновых сапог, зато потом болели ноги от вечной сырости и холода.	холода	1
71	холода	Некоторые мужчины лишают себя самых простых радостей, что приводит к ощущению собственной ненужности, одиночества и холода в семье.	холода	1
72	холода	Он прятался за этим кашлем и медленно справлялся с ударом холода по конечностям и жара по ушам.	холода	1
73	холода	От холода Бурцев завыл и на мгновение замер.	холода	1
74	холода	Все остальное время сидел на берегу, кутаясь от холода в старый овчинный полушубок.	холода	1
75	холода	Есть сказка про первобытного человека и пламя: огонь дает тепло, но, пытаясь его обнять, человек обжигается, а забросив его, умирает от холода, потому что пламя гаснет.	холода	1
76	холода	Если вы вдруг боитесь умереть от холода на зимней пробежке, то есть пара очень простых правил, как нужно одеться, выходя из дома.	холода	1
77	холода	К 17-18 декабря Пресня напоминала Грозный середины 90-х: горящие там и тут полуразрушенные здания, воронки от артиллерийских взрывов, много вооруженных людей – плюс мечущиеся между баррикадами дикие звери из разграбленного, расстрелянного, разрушенного и подожженного зоосада, превратившегося в поле боя; большая часть животных погибла – от травм, шока, голода и холода; вода из аквариумов, вместе с их обитателями, превратилась в лед; температура опускалась до минус 17 градусов.	холода	1
78	холода	В критической ситуации голода, холода, серьезного риска отрицание даже полезно, потому что дает человеку шанс самосохраниться.	холода	1
79	холода	Успокаивая себя, что это, наверное, так, показалось, он осторожно выбрал камешек сведенными от холода сизыми пальцами; пальцы у Коляна были грубые, посеченные такими же, как на промывочной миске, мелкими черными трещинами, – но даже они ощущали материальную, колкую твердость находки.	холода	1
80	холода	Как спасаются от холода членистоногие, крылатые и хвостатые	холода	1
81	холода	Между прочим, он не бросал своих женщин, которые вам душу отдавали, спасали от голода и холода, лечили, делали от вас бесконечные аборты, потому что вы, видите ли, не хотите обременять себя детьми!	холода	1
82	холода	Однако когда у нас на глазах случается переход от общего «никто» через частный взгляд к абсолютной физиологии холода, к переходу от человеческого существования, минуя многие ступеньки, к растительной неподвижности, обертона приём оправдывают.	холода	1
83	холода	Сколько раз за ночь дёргался, когда касался холода алюминиевой трубки?	холода	1
84	холода	На лавочке троллейбусной остановки сидели какие-то бомжи, неотличимые от местных жителей, или местные жители, почти неотличимые от бомжей, какие-то, в общем, маргиналы с мордами, красными или от холода, или от алкоголя.	холода	1
85	холода	Пока он шел по коридору, его трясло от холода и страха, ему казалось, что Фома, выскользнув из-под одеяла и прихватив из-под подушки заранее приготовленный нож, уже бесшумно бежит за ним на заплетающихся, непослушных ногах.	холода	1
86	холода	Холода не замечаешь вовсе, когда извлекаешь рыбку из лунки – полупрозрачную, серебристо-хрустальную, изящную, – и она некоторое время трепыхается на льду, пока сама не превратится, погаснув, в твёрдую матовую ледышку.	Холода	1
87	холода	Ведь им можно было укрывался от холода, заметать свои следы и дразнить кого-нибудь, выставляя из-за дерева лишь белый кончик.	холода	1
88	холода	Так думал пожелтевший листок, дрожа от холода и страха перед бесконечностью, ожидавшей его внизу.	холода	1
89	холода	Ниче-о, ниче-о-о-о! – всхлипывая от холода, брел Колька напропалую, вглубь.	холода	1
90	холода	Проснулся Васютка поздно, от холода, и не увидел ни озера, ни неба, ни кустов.	холода	1
91	холода	А можно и не фотографировать, а просто смотреть, как солнце прячется за огромную соборную колокольню, как гуляют мамаши с детьми по высокому берегу Костромы, как начинают светиться в сумерках окна кафе «На набережной» … передернуть плечами от холода и побежать туда пить горячий чай с баранками.	холода	1
92	холода	Тонкое покрывало совсем не спасало от знобящего холода, как-никак осень, еще не поздняя, но уже та, что раскрасила все деревья в цвета пожаров.	холода	1
93	холода	Проснуться от холода перед рассветом в палатке, источающей сквозь брезент нежно-зеленый свет…	холода	1
94	холода	У Вознесенского все не так, нет и в помине мраморного холода.	холода	1
95	холода	Эта роспись не тускнеет, не боится воды, высокой влажности или повышенной сухости, холода и жары, т. е. она не портится от экстремальных климатических условий и живет очень долго.	холода	1
96	холода	Затем сидел на полу, подложив под себя свернутую в комок и безвозвратно испорченную жирной тюремной грязью форменную студенческую шинельку, и, обхватив колени онемевшими от холода руками, плакал злыми горячими слезами.	холода	1
97	холода	Слабое, тут же пропавшее чувство холода.	холода	1
98	холода	Столько голода, холода, я же пережил все это, мне было 10 лет, когда война началась.	холода	1
99	холода	Отто Францевич шел сквозь дождь, не чувствуя ни холода, ни влаги.	холода	1
100	холода	И еще она рассказала, что зимой Жора в одних трусах и майке застрял в лифте и сидел там целый час, орал от холода, чуть не замерз, пока механика искали.	холода	1
101	холода	Мы пригвождены и заколдованы, вот только ноги, кажется, отвалятся от холода.	холода	1
102	холода	Она вдруг сильно разволновалась: Алекс остановился, повернувшись спиной к ветру – как будто хотел обнять ее, заслонить от холода.	холода	1
103	холода	Пчела боится не холода, а голода и нерадивого пчеловода.	холода	1
104	холода	Так, детскую колонию Лидии Арманд, которая с начала 1920-х годов спасала от голода и холода преимущественно детей из «бывших»: интеллигентных профессорских семей, стремясь дать им полноценное «старое» образование и воспитание, – задушили довольно быстро, несмотря на то что в колонию зачислялись крестьянские дети из окрестных подмосковных деревень.	холода	1
105	холода	Узкие мужчины в черном, выкладывая перед клиентом полированные, полновесные, словно цельными пластами отлитые хронометры, на которые Женечка показывал деревянным от холода пальцем, осторожно скашивали заблестевшие глаза на запястье русского, где вываливался из рукава, ярко желтея всеми своими каратами, благородный «ролекс».	холода	1
106	холода	После почти бессонной от холода ночи в лесополосе под Крымском въехал я на мотоцикле в жаркий, покрытый цементом Новороссийск.	холода	1
107	холода	Он думал: ведь нет теперь ни боли, ни холода, ни опасности.	холода	1
108	холода	Так что Сильвочка росла не по дням, а по часам, словно предчувствуя, что вскоре разразится война, которая не даст ей, кроме голода и холода, никаких достойных приобретений.	холода	1
109	холода	Вера представила себе жизнь в глубоком ущелье на берегу бурной реки недалеко от полюса холода и поёжилась.	холода	1
110	холода	Из-за программной ошибки он оказался заперт в одном из снов своей разработки – и чуть не умер от боли и холода, потому что ему приходилось раз за разом падать со сноуборда в сугроб.	холода	1
111	холода	К волнению Германа добавилось ощущение сырости и холода.	холода	1
112	холода	Команда дайверов из Якутска собирается в начале марта погрузиться на 80 метров в озеро Лабынкыр, расположенное неподалеку от полюса холода, где температура в это время падает ниже минус 70°С.	холода	1
113	холода	В зависимости от уровня физической активности, ощущение холода или тепла может сильно меняться.	холода	1
114	холода	И все же, все же и в этом мире случается некое подобие постоянства, – ну, хотя бы постоянства захламленных берлог, подвалов, мансард, в которых то холодно и пусто, то вдруг сыто, пьяно, весело, – и утро начинается с пронизывающего холода в местах общего пользования, с уснувшими там и сям скорченными, а то и вольготно раскинувшимися фигурами, спящими поодиночке, по двое, а то и по трое на гостеприимных диванах, тюфяках и подушках.	холода	1
115	холода	Слева от входа — ее мужская половина, где держат войлок, одежду, лошадиную упряжь, седла, охотничий инвентарь и т.д., а зимой спасают от холода скот-молодняк.	холода	1
116	холода	Может, и не врал, да побегай, высунув язык, с уличного холода в тепло торговых заведений и обратно – и поважнее чего застудишь.	холода	1
117	холода	Еще воды опасайся и холода.	холода	1
118	холода	Однажды Алина сунула руку в шкатулку – и ничего не почувствовала: ни тепла, ни холода, ни даже страха.	холода	1
119	холода	Иногда, тайком на нее посматривая, я думаю: конечно, если ей доведется попасть в руки какого-нибудь визажиста из тех, что побездушнее, он, конечно, сумеет добавить в ее живое очарование остроту ледяного холода, и тогда ее станут фотографировать для глянцевых обложек.	холода	1
120	холода	Джулька вышла на крыльцо, вся в бледных мурашках от утреннего холода, и сонно терла кулачком глаза.	холода	1
121	холода	Через день они бы умерли от ночного холода, если бы еще раньше не достались волкам.	холода	1
122	холода	Новгородцы построят храм на российском полюсе холода	холода	1
123	холода	Военная судьба переменчива, и скоро сам Шеин со своими людьми оказался в осаде врагов, голода, холода и болезней.	холода	1
124	холода	Уж чего-чего, а холода в наших сердцах завались, и мы будем пихать его по всему миру.	холода	1
125	холода	От солнечного майского холода он сразу же взбодрился.	холода	1
126	холода	Видно, театральный художник тоже испытывал свойственную всем русским италийскую ностальгию, так обострившуюся в кровавые годы холода, голода и гибели старой, то есть настоящей, теперь уже легендарной, России.	холода	1
127	холода	У Беньямина вырабатывается особая «метафизика холода» – «жизнь на улице – словно в студеном зеркальном зале, где всякая остановка или осмысление ситуации даются с невероятным трудом».	холода	1
128	холода	К нервной лихорадке Ирины и Ларисы добавился озноб холода, и они дрожали так, будто электрическая сеть, к которой их подключили, питается от высоковольтной линии.	холода	1
129	холода	Меня из холода тут же бросило в жар.	холода	1
130	холода	В страшной неразберихе под Вязьмой пропал один ее сын, второй от голода, холода и усталости умер по дороге, а сама Вертель добралась до Смоленска лишь потому, что виконт де Тюрен принял ее под свое покровительство.	холода	1
131	холода	Правда, после подобной криотерапии возможен и неожиданный побочный эффект: если пациент не сядет на жесткую диету, то жировые отложения продолжат расти, но уже в тех зонах, которые не подвергались воздействию холода, например на лице.	холода	1
132	холода	Люди и животные торжественной процессией уходят из царства холода, который уже господствует в глубине картины, и вместе с ними уходит последнее тепло.	холода	1
133	холода	Три года спустя видный минералог, основоположник структурной кристаллографии Евграф Федоров (академик с 1919 г.) проанализировал причины накопления в здешних недрах холода, возникновения пустот различных форм, исследовал нетающие льды, отметил роль Сылвы в растворении пород и, кстати, ввел в научный обиход термин «карст».	холода	1
134	холода	Полина уже не чувствовала холода.	холода	1
135	холода	Не стоит забывать, что озеро Восток расположено на полюсе холода Земли!	холода	1
136	холода	И если создать тепло в холодной обстановке за счёт огня и нагревательных приборов особого труда не составляло, то обратный процесс – «добыча» холода – представлялся делом куда более сложным.	холода	1
137	холода	Разумеется, по сравнению с современным человеком его предки были более выносливыми, однако трудно представить себе одежду, способную спасти от арктического холода.	холода	1
138	холода	А еще там растет мох, и он предохраняет землю от проникновения холода.	холода	1
139	холода	Джулька вышла на крыльцо, вся в бледных мурашках от утреннего холода, и сонно терла кулачком глаза.	холода	1
140	холода	Молчал-то он больше зимою, скуля от голода-холода.	холода	1
141	холода	Композиция строится из полукруглого большого черного пятна – клочка голой земли, где стоит маленький нескладный дом, единственное укрытие от непогоды и холода на многие километры.	холода	1
142	холода	Алкоголь здесь всегда принимается не как амброзия, а как горькое лекарство, микстура от плохого настроения и адского холода, которую нужно поскорее заесть чем-то вкусным.	холода	1
143	холода	Клоун Абырдаш велел кланяться и передал, что уехал в Магадан! – кричит клоун, размахивая синими из-за холода руками (поскуливание, визг собак за кулисами).	холода	1
144	холода	Труд в поварне был довольно уединенным, но с постоянными перепадами жары и холода, с постоянным недосыпом, да еще и, само собой, с постоянным недоеданием (Кирилл, естественно, старался вести постнический образ жизни).	холода	1
145	холода	Она ведь уже давно ничего не чувствовала – ни того, как ходит под себя, ни голода, ни холода.	холода	1
146	холода	По-современному мамаша без карьеры и без денег выглядит инвалидом (мужнина нежирная зарплата от голода-холода семью защитит, но по социальной лестнице их как ветром сдует до самого низа).	холода	1
147	холода	Для ленинградцев-блокадников эта весть была поистине согревающим лучом в темном царстве голода и холода.	холода	1
148	холода	Пугаюсь до испарины, до холода в спине, до покалывания в кончиках пальцев.	холода	1
149	холода	Из-за холода и голода сотни солдат дезертировали, оставшиеся зазимовали на развалинах форта Бриджер.	холода	1
150	холода	Вот огромный отряд пингвинов строится в тесную стаю, так плотно прижимаясь друг к другу, что температура между ними достигает 37 градусов (при наружных 50-ти градусах холода!) и каждый пингвин ухитряется при этом переступать так, что общая их масса движется как целое, не теряя этой чудесной внутренней организации.	холода	1
151	холода	Нас вообще не кормили, от грязи и холода мы покрывались фурункулами, а уж о такой штуке, как женщины, не приходилось и мечтать.	холода	1
152	холода	Нина! – не чувствовала даже холода на крыльце раздетая Дарья.	холода	1
153	холода	Несомненно, что среди военнопленных осени и зимы 41-42 гг. были огромные потери от недоедания, холода и болезней – это связано с тем, что расчет делался на быструю победу в войне и германское руководство не видело нужды в переброске огромных людских масс на запад, где возможностей относительно приемлемого содержания их было значительно больше.	холода	1
154	холода	Я мечтаю сегодня, чтобы полиция ловила подобных паразитов и отправляла умирать от голода, холода и унижений в тюрьмах.	холода	1
155	холода	Экстремально высокие и низкие температуры воздуха, длительные периоды жары и холода существенно повышают частоту обострений и смертность от сердечно-сосудистых, респираторных заболеваний и диабета.	холода	1
156	холода	1аким же знойным как в прошлом году или таким же бодрящим, как в Оймяконе (якутском селе, одном из «Полюсов холода», что на северо-востоке России)?	холода	1
157	холода	Холода не было.	Холода	1
158	холода	В аспекте холода и пустоты, а не в аспекте памяти о себе же.	холода	1
159	холода	На больших перекочевках Мэбэт прилаживал к женским нартам жилище, как это делают селькупы, – деревянный короб, обтянутый ровдугой и утепленный шкурами изнутри, – и не велел Хадне выносить младенца из жилища без надобности, особенно в пору великого холода…	холода	1
160	холода	Бернард и четыре сестры пережили английскую бомбардировку, неделю сидели за толстыми бетонными стенами, трясясь от ужаса и холода, а когда стихло – пошли на ратушную площадь, смотреть, что осталось от города.	холода	1
161	холода	Я кивнул, И вышел прочь, и холода глотнул.	холода	1
162	холода	Кого-то колотит от ночного холода.	холода	1
163	холода	Как будто я был троглодитом в эпоху мирового холода и считал, что все знаю про тепло, поскольку умею разводить в своей ледяной пещере костер и даже ухитряюсь иногда согреться возле него так, что мерзнут только зад и спина, – и вдруг меня перенесли на тропический пляж, где уже не надо гнаться за солнцем, а хочется спрятаться от него в воде или в тени, ибо понимаешь, что подлинное состояние мира и есть это бесконечное всепроникающее жаркое блаженство, запасы которого в небе бесконечны, и волноваться больше не о чем, а все прежнее – просто дурной сон...	холода	1
164	холода	Из-под его пера тогда вышли труды «О вольном движении воздуха в рудниках примеченном», «Физические размышления о причинах теплоты и холода», «О действиях химических растворителей» и др., получившие признание научного мира.	холода	1
165	холода	Наши солдаты умирали от голода, холода и болезней, и Богородицкое поле стало последним приютом погибших мучеников в этой чудовищной мясорубке ХХ века.	холода	1
166	холода	Отсутствие с соседом общих интересов, наоборот, вызывало у испытуемых ощущение холода.	холода	1
167	холода	Но есть еще одна проблема – мостики холода.	холода	1
168	холода	Входите, дети, входите, не напускайте холода, – радушно сказала Анна Карповна.	холода	1
169	холода	В поверхностной дурной дрёме, нахохлившись по-птичьи, давно не понимают оборванцы ночи и дня, тепла и холода, зла и добра.	холода	1
170	холода	Это означает, что первые чаще жаждут в машине холода, в то время как вторые — наоборот.	холода	1
171	холода	И, наверное, полчаса прошло, и весь час, а Кропин все сидел, не чувствуя холода, сырости, не находя сил подняться и тоже идти через дорогу.	холода	1
172	холода	Смена месячного хода тепла и холода.	холода	1
173	холода	Резкий слом погоды, контрасты тепла и холода, перепады атмосферного давления вызывают перепады кровяного давления, носовые кровотечения, бытовой и производственный травматизм, аварийность транспорта и инженерных коммуникаций, стрессы.	холода	1
174	холода	Шафранов Владимир Васильевич – профессор кафедры детской хирургии РГМУ, доктор мед. наук, академик Российской Академии медико-технических наук, член. корр. международной Академии холода, лауреат гос. премии РФ.	холода	1
175	холода	Доброту казахов, которые не дали погибнуть от голода и холода, делились с приезжими последним куском хлеба, будем помнить всегда.	холода	1
176	холода	Я не ощущала холода, голодала тридцать дней и не похудела ни на грамм.	холода	1
177	холода	Белоярский район уже давно неофициально считается уральским полюсом холода.	холода	1
178	холода	Итак, экспедиции к берегам Антарктики наглядно свидетельствуют о том, что мы слишком плохо знаем и самих морских обитателей, поселившихся близ «полюса холода», и их характерные повадки.	холода	1
179	холода	Прямо из темноты и холода, беглец, обнял – тут же согрелся.	холода	1
180	холода	Внешне она выглядела так же, как и раньше, но теперь от нее не исходило холода.	холода	1
181	холода	Это я так, от холода.	холода	1
182	холода	Разметавшиеся волосы спутницы укажут направление ветра, дыхание — влажность, пульс — давление, а губы отделят твое тепло от твоего холода.	холода	1
183	холода	Какая же война без холода и голода?	холода	1
184	холода	Я пришел в себя от ледяного холода, который, казалось, проник мне в самую глубину мозга.	холода	1
185	холода	Йылдыз по своему обыкновению спал, не ведая никаких тревог, Кира стонала от холода, ветер рвал палатку, а Алексей меланхолично, как четки, перебирал в уме какие-то отрезки времени, может быть, то были минуты.	холода	1
186	холода	Да, операции в нагибинском всемирно знаменитом «Эдельвейсе» стоят от восьми тысяч евро, но вряд ли это может оказаться для кого-то неодолимой преградой, если только человек не существует по модели выживания, общепринятой сто лет назад, – с натуральным хозяйством, с каждодневной борьбой против смерти, голода и холода.	холода	1
187	холода	Кроме сырости и холода, там были клопы и вши.	холода	1
188	холода	Да потому, что от сильной жары, как и от сильного холода, одно и то же спасение – теплая одежда, защищающая тело от холода и от зноя в равной мере.	холода	1
189	холода	Она же, поминутно озираясь и дрожа от страха и холода, ставила на трехногую ржавую электроплитку ледяной чайник и, закутавшись в пальто, садилась ждать моего возвращения.	холода	1
190	холода	Завороженная своим рождением, опаленная бессонницей, она не чувствовала холода, обнимающей сырости тумана…	холода	1
191	холода	На обочине тлели вороха скрученных листьев, похожих на пустые ракушки, под ноги стелился белый и едкий чад, и под каблуками с треском погибали слюдяные от холода лужи.	холода	1
192	холода	Нет, честно говоря (опустим детальное описание холода, грязи, усталости, опустим описание моего вранья – девочке, вранья напарников – мне, опустим даже само упоминание отчаянья), всё это было совсем не смешно.	холода	1
193	холода	При этом резко возрастает и удельный вес материала, он начинает «проседать», появляются пустоты – читай: мостики холода.	холода	1
194	холода	Всего лишь избавь врага народа из гнилой интеллигенции в разбитых очочках от голода-холода, дай ему клочок бумаги и огрызок карандаша – через какое-то время, забившись в уголок лагерного барака, поэт непременно начнёт кропать стихи, а математик – рисовать формулы.	холода	1
195	холода	Иногда ветер начинает дуть с севера, и от внезапного холода на коже выступают мурашки.	холода	1
196	холода	Сегодня 1 градусов холода.	холода	1
197	холода	Мы стояли у груды брошенных на землю вил, притопывали леденеющими ногами, ежились от лезущего под ватники холода.	холода	1
198	холода	Гадюка обычно малоподвижна, кажется какой-то флегматичной, не любит ни жары, ни холода.	холода	1
199	холода	"Возможно, ""виной "" тому холода."	холода	2
200	холода	А то и на второй не отступают холода.	холода	2
201	холода	"Один из таких возвратов холодов носит поэтическое название ""алычевые холода "" – каждый год, в начале цветения алычи, случаются заморозки."	холода	2
202	холода	Нет еще таких реформ, которые б денонсировали спячку в холода или заставили б местных за что-нибудь платить.	холода	2
203	холода	В Москве уже начались холода, и, наученная горьким опытом, я на этот раз утеплилась – была в шубе.	холода	2
204	холода	Принимали нас прекрасно, залы были полны, несмотря на 30-градусные холода.	холода	2
205	холода	Но целых два месяца, пока не настали холода, ребятишки собирались в пустом доме, играли.	холода	2
206	холода	Холода, тревоги да степной бурьян...	Холода	2
207	холода	Ой, да вы весь пылаете! – воскликнула она. – Ну конечно, в одном плащике ночью в степи – здесь знаете утром какие холода!	холода	2
208	холода	Если улей хорошо утеплен, а в сотах достаточно меда, никакие холода пчелам не страшны.	холода	2
209	холода	Шофер такси сказал, что холода и дожди весь месяц, сады померзли, на рынке молодая картошка полтора рубля килограмм.	холода	2
210	холода	Кому охота ехать в ненастье, в холода в Сибирь?	холода	2
211	холода	Осенью прошлого года, когда настали холода, он исчез, а весной, как только стаял снег, появился снова – худой, облезлый, почерневший, но быстрый и живой.	холода	2
212	холода	Пробравшись за город, удав акклиматизировался и сумел где-то, пережить зимние холода.	холода	2
213	холода	Это был старинной постройки двухэтажный дом, из тех, не поспевающих за временами года толстостенных, упрямых домов, которые летом хранят прохладную сырость, а в осенние холода не расстаются с душным и пыльным теплом.	холода	2
214	холода	Стало темнеть, и казалось, что тьма пришла от невыносимой людской тоски, от измучившего всех холода, от голодухи, грязи, от бесконечной военной муки.	холода	1
215	холода	Наступили холода, босиком гулять больше не разрешаю, завтра привезут обувь, и вы ее получите.	холода	2
216	холода	Этакие холода, что я там без пальто заведу.	холода	2
217	холода	Так, в первой эпохе влияние холода было весьма слабо на неприятельскую армию; во второй – истинно для нее губительно.	холода	1
218	холода	Еще в устройстве кормушек для птиц в холода, противодействии рубкам елок накануне новогодних праздников, иных природоохранных проектах, за что корфовская средняя школа удостоилась первого места в Хабаровском районе.	холода	2
219	холода	В избушке постелили на полу мягкий ковер и в особенно лютые холода запускали под нары собак, погреться.	холода	2
220	холода	Отмахивал тридцать верст от Москвы – в теплые дни на обычном автомобиле, в холода и снегопады на диковинном гусеничном, – чтобы постоять несколько минут в соседней комнате молча, а затем уехать.	холода	2
221	холода	Только октябрьские дожди и пришедшие с ними холода положили конец утомительным и опасным прогулкам.	холода	2
222	холода	В самые лютые холода, конечно, никто не рвётся размножаться.	холода	2
223	холода	Костя легко переносит дожди, холода, комаров, одиночество и ночь непроглядную.	холода	2
224	холода	Наступили холода, речки и ручьи покрылись льдом, окаменела земля, кончились продукты...	холода	2
225	холода	Холода и невзгоды тоже вместе делили.	Холода	2
226	холода	Чую, ударят на новолуние холода.	холода	2
227	холода	Холода в сорок первом стояли суровые даже для здешних мест.	Холода	2
228	холода	Вот только холода переносил тяжело после своих жарких краев.	холода	2
229	холода	Он строил, светел и двужилен, страну в такие холода.	холода	2
230	холода	Весной 63-го года холода были страшные…	холода	2
231	холода	В дожди и холода, назябнув за день, Запоминать старался я всегда Того, кто впереди меня и сзади Голодный быт послевоенных лет Под неуютным ленинградским небом, Где мы писали на листах анкет:  “Не состоял, не привлекался, не был”.	холода	2
232	холода	Обычно они спят в зимнем хлеву, но в сильные холода Муртаза велит брать молодняк и птицу домой.	холода	2
233	холода	Новый контингент оказался слабым на здоровье, горячая южная кровь плохо переносила сибирские морозы – в первые же холода многие слегли с пневмонией; лазарет Вольфа Карловича, и так уже расширенный к тому времени до двадцати коек, не вместил и половины нуждающихся.	холода	2
234	холода	Пакет с сиропом в теплом месте?, лучше если на рамках, а сверху утеплить, мои вон в эти холода 4 пакета умяли (судя по тому, как опустился изолон..).	холода	2
235	холода	Про возвратные холода не говорим.	холода	2
236	холода	Древо, от которого висельники на костре начинают свои лютые пляски в самые синие и тёмные холода, когда вы вылезаете на крышу твоего чердака, откуда слышно каждый шёпот окрестного двора, и когда вы подправляете антенну, чтобы лучше слышать и видеть Кассиопею, Ковш, Млечный путь.	холода	2
237	холода	Однако ударили холода, и теплолюбивые испанцы побежали из Фландрии, как немцы в 1941 году из-под Москвы.	холода	2
238	холода	Скоро, скоро придут холода От границы полярного круга, И не станет цветов и травы На курортной вчера широте.	холода	2
239	холода	Будут, будут еще холода», – с пророческой степенностью говаривала она в солнечные мартовские дни.	холода	2
240	холода	Иными словами, летние вещи поступали в магазины только к концу сезона, а зимние – когда холода спадали.	холода	2
241	холода	Самым тяжелым был период между 1185 и 1130 годами до новой эры, но засухи и холода продолжались и после этого.	холода	2
242	холода	Простой панельный бред пятиэтажный, Где каждый тащит отведенный крест, Где в холода (и это – очень важно), Сильнее мерзнет угловой подъезд.	холода	2
243	холода	Тамара козье молоко везёт из посёлка Харп, по-русски – Северное сияние, там живёт её бабушка, а у бабушки – Мальвина, Люба и Розочка – козы с бубенцами нашейными и кислящим, пушистым запахом; молочко Тамара продаст в Лабытнангах, а в холода его возит не банками, а замороженными кругами белыми.	холода	2
244	холода	Но лето кончается, приходят холода.	холода	2
245	холода	Вот придут холода, подостынет голова, и тогда… и тогда… будет так же, как всегда.	холода	2
246	холода	Впрочем, ребята они крепкие и в самые жуткие холода не желают уродовать свои конфуцианские лики русскими ушанками.	холода	2
247	холода	Пройдет октябрь, наступят холода.	холода	2
248	холода	Но потом, когда город сковали большие холода, у Лёки уже не осталось сил есть.	холода	2
249	холода	Холода посверкивали уже не за дальними горами.	Холода	2
250	холода	Стояли холода, и шел «Тристан».	холода	2
251	холода	И обогреватель в холода.	холода	2
252	холода	Будучи, как говорится, не в своем виде, он может выспаться на снегу под охраной верного волкодава по кличке Лапкин; когда на дворе стоят лютые холода и лень бывает тащиться в лес за валежником, он отапливается подшивками газеты «Социалистическая индустрия», которые стяжает в заколоченной сельской библиотеке, а также собственной избой, то есть в другой раз отчинит топором плинтус, или дверную притолоку, или еще что-нибудь подобное – и сожжет; для души (у русского человека душа, как правило, не на месте) он приноровился гнать хмельное из антифриза и отрубей.	холода	2
253	холода	В доме председателя сельсовета пластиковых окон нет, так же, впрочем, как и у всех, в щели дует ветер, и расход электричества в холода получается просто колоссальный.	холода	2
254	холода	Холода изначальные измочалили.	Холода	2
255	холода	Холода изначальные...	Холода	2
256	холода	У нас есть много примеров, когда в зимние холода только благодаря обращению в блог на место выезжала бригада ремонтников.	холода	2
257	холода	Вскоре холода отступят, солнце станет чаще появляться из-за туч, у деревьев набухнут почки, затем вылезут первые слабенькие листики, некоторые ветки покроются очаровательными белыми цветами...	холода	2
258	холода	Ну, ничего, потерпи немного, уже скоро холода отступят, у тебя набухнут почки, затем появятся первые слабенькие листики, ветки покроются очаровательными белыми цветами...	холода	2
259	холода	Холода отступят, солнце станет чаще появляться из-за туч, деревья покроются очаровательными цветами, из набухших почек вылезут первые слабые листики, с южных зимовий прилетят птицы.	Холода	2
260	холода	В общем, я пожалела, что не попробовала съемку в реке на свежем воздухе – всегда хотела увидеть, чем занимаются рыбы в холода.	холода	2
261	холода	В отличие от своей соседки Покровская церковь отапливается зимой, поэтому её прихожанам не страшны холода.	холода	2
262	холода	Сейчас наступают холода, и всех нас слегка подморозит.	холода	2
263	холода	Засуха, затяжные дожди, холода – все могло погубить урожай.	холода	2
264	холода	И очень сомнительно, что крупные динозавры северной Аляски могли пережить такие холода.	холода	2
265	холода	Но даже если предположить, что арктические динозавры были эндотермными и потому могли переносить зимние холода, проблему их перезимовывания это вряд ли решает.	холода	2
266	холода	В холода же лучше забиться внутрь, поближе к зеленой стойке, и после вина заказать по бокальчику выдержанной граппы (grappa di riserva, €8).	холода	2
267	холода	Прошлое бледнеет, отслаивается, остается зеленая сердцевина, которая переживет любые холода.	холода	2
268	холода	А холода, а бездомности?	холода	2
269	холода	Судя по «Вероятностному прогнозу температурного режима в России на отопительный период 2012/2013 гг.», первыми настоящую зиму встретят жители Якутии, и аномальные холода удержатся здесь аж до апреля.	холода	2
270	холода	Тяжело переношу холода.	холода	2
271	холода	Пока он плавал, летал, скакал на перекладных, мчался в дилижансе, в Москву все-таки пришли холода, полились дожди.	холода	2
272	холода	Утром свет возвращался — она поднималась бодрой, ясной, вела закутанного Теплого по выпавшему снежку в сад, ее “девятка” недолюбливала холода, и они топали пешком, осторожно вдыхая свежий, морозный воздух, любуясь запорошенными кусточками во дворе.	холода	2
273	холода	Ещё не старость, но уже наступают холода…	холода	2
274	холода	Не за горами были холода.	холода	2
275	холода	День пошел на убыль, скоро холода.	холода	2
276	холода	Видимо, пока в зимние холода мы ходили в теплых кофтах, грудь вырастала и аккурат к весеннему теплу выросла.	холода	2
277	холода	Потому что пришли холода, одиночество, осень, простуда, потому что уже никогда, никого, ничего, ниоткуда.	холода	2
278	холода	А ещё я слышал, что прошлой зимой у вас были такие холода, что десятки людей насмерть замёрзли.	холода	2
279	холода	Прошлой зимой, например, в холода вымерли не десятки, а сотни людей.	холода	2
280	холода	Наступили настоящие холода, на улице стало светлее, серость и тусклость пропала.	холода	2
281	холода	Продолжаются холода и высокое атмосферное давление, многие от этого страдают.	холода	2
282	холода	В пику специалистам, прогнозирующим нашей планете потепление климата, заведующий сектором космических исследований лаборатории доктор физико-математических наук Хабибулло Абдусаматов считает, что уже в 2014 г. могут начаться поистине экстремальные холода.	холода	2
283	холода	В мае выпадают такие дни, когда солнце сияет в голубом небе с такой щедростью, будто просит прощения за недавние холода.	холода	2
284	холода	В середине зимы наступали лютые холода.	холода	2
285	холода	Там расходов на холода поменьше и женщины знойны, заменяют центральное отопление.	холода	2
286	холода	Хадко вернулся, когда холода начали уступать тайгу ветрам и снегу.	холода	2
287	холода	Когда выбирал квартиру, именно терраса меня пленила, а потом начались холода, полили дожди, и на террасу я не выходил.	холода	2
288	холода	Все лето и осень он нагуливает себе запас жира, а когда наступают холода, ёжик впадает в спячку.	холода	2
289	холода	Зимой можно было переждать холода в пещере, а в теплое время года жили в долине, на склонах гор и отправлялись в походы за добычей.	холода	2
290	холода	Пусть бы ушли холода...	холода	2
291	холода	На улице несколько дней около 20 °С тепла, но топить в квартирах продолжают, как и в лютые холода.	холода	2
292	холода	Зима не нанесла большого урона, хотя были и холода, и снежные ураганы.	холода	2
293	холода	в холода им нечем укрыться;	холода	2
294	холода	Когда выпал снег и наступили холода, Ринка сказала сама себе: «Нельзя, чтобы кошки голодали прямо у тебя под окном», — и решила устроить кошачью столовую.	холода	2
295	холода	По радио пообещали, что, начиная с сегодняшнего вечера, холода будут отступать.	холода	2
296	холода	Только одинокий дуб посередине поляны пережил эти холода.	холода	2
297	холода	Осенние холода заставили молодую кошку попросить теплый угол у Рустама.	холода	2
298	холода	Его честолюбивые устремления теперь были погребены под разливом реки, и он уже не надеялся, что наступят холода, что зимние морозы наведут ледяные мосты через водную преграду, которая отделила его от дербетевского племени.	холода	2
299	холода	Каждый год, переждав зимние холода, калмыки с началом весны начинали вместе со своими бесчисленными стадами кочевать на север.	холода	2
300	холода	Пупсику, несмотря на кристально чистый половой анамнез и мохнатые шортики во все детские, подростковые и юношеские холода, стали мерещиться неведомым образом подхваченные постыдные инфекции, подточившие её безвинное нутро.	холода	2
301	холода	Холода стояли несколько дней, и солнце, полное белой скорби, взирало с высоты на мучения зелени, бессильное пробиться сквозь их хрустальные прозрачные своды к земле, за которую оно было в ответе.	Холода	2
302	холода	Все эти годы, когда наступают холода, я надеваю кашемировое пальто синего цвета, как когда-то носил ты.	холода	2
303	холода	Сильные холода действительно наступили в России, но только в декабре, через несколько недель после того, как армия Наполеона бежала из страны.	холода	2
304	холода	Но наступает землетрясение, равное по силе всему ядерному потенциалу; наводнение, которое человек не способен вызвать собственными силами; аномальные холода или аномальная жара, когда люди умирают десятками в день, – природа берет свое.	холода	2
305	холода	Но всё ж таки не дотянулся – холода наступили.	холода	2
306	холода	Когда наступали холода, она носила митенки.	холода	2
307	холода	И чудилось, это над Москвой, незамерзающей, хоть уже пришли холода, двигался горячий пар.	холода	2
308	холода	В лютые холода, когда мы приехали, никак не могли протопить маленький коттедж, весь в изобилии мягкой мебели, кроватей и одеял.	холода	2
309	холода	Черемуховые холода.	холода	2
310	холода	Дальше катилось по нисходящей: наступили холода, фантастически взлетели цены, затихли советские заводы, капитализм всех выдавил на улицы торговать чем-нибудь, чтобы прокормиться.	холода	2
311	холода	А холода навалились такие страшенные, будто природу и саму землю обуяла особая ярость – за все, что с ней делали люди, прорывая в ее теле глубокие рвы, взрывая ее покровы, сбрасывая в ямы тысячи трупов, пожирая все живое – от кошек до крыс.	холода	2
312	холода	Зимний туалет допускалось навещать только в холода.	холода	2
313	холода	Угнетали не столько холода и пронзительная какая-то сырость, сколько вечная темень.	холода	2
314	холода	Корм в холода найти значительно труднее.	холода	2
315	холода	И отчего-то не в летнюю душную жару, что казалось бы более естественным делом, а зимой, в самые холода.	холода	2
316	холода	Малочисленность этюдов с верховьев Волги была обусловлена как не совсем благоприятной погодой во время поездки (стояли холода), так в особенности чрезвычайно дурными дорогами для проезда к верховьям.	холода	2
317	холода	Так продолжалось, пока не наступили холода.	холода	2
318	холода	Пришли черемуховые холода.	холода	2
319	холода	Когда начались холода, многие ученики, не обеспеченные теплым бельем, простудились.	холода	2
320	холода	Все хотели иметь у себя столь необходимую в сырые петербургские холода новинку.	холода	2
321	холода	Поначалу старухи простужались и мерли, но оставшиеся в живых, наоборот, закалились, и в холода больше коченел персонал.	холода	2
322	холода	Тем более сегодня велики колебания температуры: утром было 3-4 ниже нуля, метель, а к вечеру пошли холода, обещают чуть ли не 20 градусов.	холода	2
323	холода	Мороз порой может доходить до – 50 °C, но такие холода стоят недолго.	холода	2
324	холода	В холода он приходил погреться у метро.	холода	2
325	холода	Его зелёную макушку щекотали холодными животами ветры, вместе с корнями деревьев он пил солёную воду и слушал, как ворчит земля на недалёкие уже холода.	холода	2
326	холода	Сентябрьские ночи обычно приносят с собой не только первые легкие холода, но и какую-то исключительную прозрачность атмосферы.	холода	2
327	холода	После того как установятся постоянные холода, с кустов срезают все надземные побеги на уровне почвы и сооружают укрытие толщиной 10-15 см из листьев, стружки, сверху прикрыв пленкой.	холода	2
328	холода	Сразу тронуться в путь мешали холода, Зима стояла суровая.	холода	2
329	холода	Урожаи у нас не высоки, да и всегда есть риск потерять выращенное из-за того, что в страду зачастят дожди или подступят ранние холода.	холода	2
330	холода	Но холода кончились, и мы оказались тут, в одном из тех районов, где дома не имеют лица и всё зависит от людей.	холода	2
331	холода	На самом деле, на пол кладётся очень толстый футон — матрас, а иногда и два-три, если выдались особые холода.	холода	2
332	холода	Важно подкармливать пернатых в холода.	холода	2
333	холода	Да не только люди – даже солнце долгое время не может заглянуть на дно ущелья, чтобы хоть немного ободрить людей, которые из года в год встречают холода с покорным страхом.	холода	2
334	холода	Но холода и длинные зимние ночи семья Цзэдэна встречает теперь без прежнего трепета.	холода	2
335	холода	Ее пугали наступающие холода.	холода	2
336	холода	И, как показывают наблюдения, холода закономерно повторяются каждые десять лет.	холода	2
337	холода	Не страшны холода и цветочным почкам, так как они надежно запрятаны и полностью разовьются только в апреле.	холода	2
338	холода	Уже несколько ночей стояли холода, грязь, казалось бы, подморозило, но в то праздничное утро, когда я встречал Саломею, как назло потеплело и заморосил дождь.	холода	2
339	холода	Ходил в срединные осенние холода в той одежде, что была на нем летом, в момент ареста.	холода	2
340	холода	Вчера по радио говорили, что в Москве опять холода.	холода	2
341	холода	Здесь в Баку наконец тепло, а то всюду нас преследовали дожди и холода.	холода	2
342	холода	Вообще-то я человек южный, плохо переношу холода, но пришлось и это выдержать.	холода	2
343	холода	В летний зной в таких сооружениях всегда прохладно, а в холода тепло.	холода	2
344	холода	Сережа насобирал веток, мы разожгли небольшой костер и грелись, я все время молилась преподобному Серафиму и блаженной Ксении, претерпевавшим труды и холода намного большие.	холода	2
345	холода	В такой коже не страшны ни морозы, ни холода, ни дожди.	холода	2
346	холода	Ураганные ветры (буреломы) случаются чаще всего в октябре месяце, когда подступающие холода заставляют прятать палатки в лесу, где теплее, чем на открытом пространстве речных кос и берегов озер.	холода	2
347	холода	Но откладывать это «когда-нибудь» уже нельзя было: осень подходила к концу, уже набегали холода, студеные ветры пробирали до костей, и с каждым днем ее все чаще охватывал страх: придет, как в прошлый раз, и простоит на мосту совершенно зря – он не появится.	холода	2
348	холода	Зимние холода создали проблемы и в других регионах России.	холода	2
349	холода	Снег уйдет, зато придут холода.	холода	2
350	холода	На холода итальянский премьер попенял, но косвенно и деликатно: «Если у вас в графике будут «окна», сообщите, я приеду, проверю погоду и весной, и летом».	холода	2
351	холода	Надоели холода, сразу выйдешь на границу с весной.	холода	2
352	холода	Холода, правда, не самое удачное время для того, чтобы, например, менять батареи, трубы и котлы.	Холода	2
353	холода	Холода пришли, а тепла у нас не будет...	Холода	2
354	холода	В этом декабре вдруг упали холода, которые вовсе не были такими уж жестокими, и во многих регионах встала запущенная отопительная система, десятки тысяч людей оказались буквально на грани замерзания.	холода	2
355	холода	Против выступил зампред фракции ЛДПР Алексей Митрофанов: «Не надо даже трогать этот вопрос, тем более по инициативе «Яблока»: они хотят использовать эти холода, чтобы побыстрее уничтожить ЖКХ.	холода	2
356	холода	Молодежный театр не может состояться как квартирант забытого богом, промерзающего в холода кинотеатра «Октябрь».	холода	2
357	холода	Если бы не холода, отнимающие у Сибири лето, и если бы не чиновники, развращающие народ, то Сибирь была бы богатейшей и счастливейшей землей».	холода	2
358	холода	Потому-то эти холода – experimentum crucis.	холода	2
359	холода	День побегали, два походили – холода стоят, коробки стоят, «Сникерсы» не убывают, шампанское никуда – за неделю до прибытия моих (долго подбирал слово) сокурсников азербайджанцы завезли на Камчатку шампанское.	холода	2
360	холода	И не надо это списывать на холода и запоздалую весну.	холода	2
361	холода	Все это позволяет надеяться, что ни объективные (аномальные холода), ни субъективные причины не приведут к превращению Марий Эл в ледовое королевство.	холода	2
362	холода	Эх, дороги, Пыль да туман, Холода, тревоги Да степной бурьян...	Холода	2
363	холода	Холода могут застать врасплох	Холода	2
364	холода	Пока тут не наступили холода, спозаранку уходил в лес с конторской книгой под мышкой и там до темноты писал, сидя на каком-нибудь пеньке.	холода	2
365	холода	Она даже решила, пока не наступили холода, съездить на недельку к сестре в Волгоград, за безалкогольный год поверив, что сын окончательно выздоровел.	холода	2
366	холода	А в холода его видно не было.	холода	2
367	холода	Теперь так приятно засыпать под тёплым одеялом, когда вокруг холода.	холода	2
368	холода	Тебе что, холода полюбились? – ревниво спросила она и зачем-то указала на окно, за которым дрожали на весеннем ветру молодые платаны.	холода	2
369	холода	Баритон вступил холодно: «Значит, так, на Урале холода – не пустяк, города вымирали, как один подыссяк..	холода	2
370	холода	Кафтан с шубой сдвинется, последний воз с поля, птицы в отлет пошли, а холода надвинутся.	холода	2
371	холода	Было и такое: они с девочками собирали по дворам бутылки для госпиталя, чтобы потом наполнять их горячей водой и в холода обкладывать ими раненых вместо грелок, а гимназисты ходили за ними по пятам и грязно намекали на те отношения между мужчиной и женщиной, которые без слов можно выразить с помощью пробки и бутылки.	холода	2
372	холода	После рождественского мороза синоптики, по традиции, обещают крещенские холода, потом февральские ветра и марток-надевай-семь-порток.	холода	2
373	холода	Как известно, в холода аккумулятор снижает свою отдачу на четверть, а если еще он не полностью заряжен, то не сможет обеспечить требуемый для пуска двигателя начальный ток в 200 А. Имея дома такой прибор, автолюбитель будет избавлен от необходимости искать во дворе добровольца, готового дать вам «прикурить».	холода	2
374	холода	Но когда наступили холода, они стали пухнуть, кожа на них лопаться.	холода	2
375	холода	Наступили холода, нужные, кажется, лишь для того, чтобы окна, в которые летом гляделась река, теперь стали «стеклами хладными».	холода	2
376	холода	Останутся деревянные игрушечные тележки да куклы и чиненая обувка – не страшны теперь грязь, холода.	холода	2
377	холода	Пусть нынче еще тепло и зелено, но холода – рядом.	холода	2
378	холода	Несмотря на холода, для сотовых операторов конец года выдался очень жарким.	холода	2
379	холода	Россия в их представлении сплошь шубы, тройки, медведи, снега, адские холода...	холода	2
380	холода	Наступили уже холода.	холода	2
381	холода	Мне казалось, что на Чукотке, где такие холода, власти наши должны бы постараться не оскорблять людей задержкой зарплаты или пенсии.	холода	2
382	холода	В нашей тверской деревне мы живем с апреля по ноябрь, от снега до снега, и возвращаемся в Москву, когда уже грянут настоящие холода.	холода	2
383	холода	Миновали католические рождества, наступили православные холода.	холода	2
384	холода	Надо же было родить ранней весной, когда самые холода и вьюга!	холода	2
385	холода	Зимой треснули такие холода, что тайга вымерла.	холода	2
386	холода	В крещенские холода бревенчатая башня промёрзла насквозь, как колокол, даже чуть гудела на ветру.	холода	2
387	холода	Зиму Михаил коротал в башне, ездил по заставам, надолго задерживался в городищах, расспрашивая о слухах и настроениях пермяков; самые холода просидел в Соликамске, заново знакомясь со старшинами и богатыми солеварами.	холода	2
388	холода	Эта ушанка её была в точности такая же, как и у отца, который работал бухгалтером в карьере и ходил зимой в длинном пальто с поднятым воротником, и никогда, даже в сильные холода, не горбился и не прятался под этим воротником, всегда сохраняя свою особенную, чрезмерно прямую осанку.	холода	2
389	холода	В холода врачи советуют носить подштанники.	холода	2
390	холода	А когда начались дожди, слякоть, холода, перебрались на свалку.	холода	2
391	холода	Быть может, потому, что холода все чаще станут загонять их в каменные стены, где до того лишь змеи терпеливо сторожили свои отложенные яйца да свисали вразлет по ребристому потолку кляксы летучих мышей.	холода	2
392	холода	Холода долго не унимались, а потом вдруг разом им на ладони упала весна.	Холода	2
393	холода	Был февраль и редкие для этого города холода.	холода	2
394	холода	Еще была суконная курточка из старья, на холода...	холода	2
395	холода	Холода перетерпел, и боли отпустили.	Холода	2
396	холода	Вероятно, они в этом году размечтались отгулять свое, пока холода не настанут, а там хоть трава не расти.	холода	2
397	холода	Жалуются, что нынешний год оно было ненастным: в августе – сплошные дожди, холода.	холода	2
398	холода	В первые две недели июня стояли лютые по летним меркам холода: + 10-12.	холода	2
399	холода	Кроме того, у меня, жителя южного города, не было зимнего пальто, а в Москве уже начались холода...	холода	2
400	холода	Потом, в холода, можно было и закрыться настоящим шерстяным платком.	холода	2
